h3_index,population
891e28041a3ffff,2.6089923
891e28041b3ffff,7.4057207
891e28041b7ffff,8.088437
891e2804d03ffff,517.74976
891e2804d07ffff,166.9889
891e2804d0bffff,71.44816
891e2804d0fffff,101.10891
891e2804d13ffff,358.42633
891e2804d17ffff,460.8721
891e2804d1bffff,66.8643
891e2804d33ffff,4.2453895
891e2804d3bffff,6.233874
891e2804d47ffff,2.6654196
891e2804d57ffff,19.018055
891e2804d73ffff,24.01227
891e2804d77ffff,4.533035
891e2804d83ffff,126.79153
891e2804d87ffff,90.48782
891e2804d8bffff,149.57382
891e2804d8fffff,473.65723
891e2804d93ffff,64.072174
891e2804d97ffff,81.65322
891e2804d9bffff,2.1502712
891e2804da3ffff,169.6604
891e2804da7ffff,0.55538595
891e2804dabffff,289.19073
891e2804dafffff,20.243343
891e2804db3ffff,107.16349
891e2804db7ffff,31.112535
891e2804dbbffff,306.9683
891e2804dc7ffff,0.004396561
891e2804dcfffff,0.4040026
891e28061b3ffff,0.010815931
891e28061b7ffff,0.07032736
891e2806803ffff,5.7839174
891e2806807ffff,81.37839
891e280680bffff,21.77008
891e280680fffff,249.6345
891e2806817ffff,11.861339
891e2806823ffff,841.5823
891e2806827ffff,955.1868
891e280682bffff,434.02637
891e280682fffff,555.32025
891e2806833ffff,422.34445
891e2806837ffff,885.85944
891e280683bffff,251.79732
891e2806843ffff,24.574793
891e2806847ffff,5.5279474
891e280684fffff,2.0701673
891e2806853ffff,9.904064
891e2806857ffff,14.623062
891e280685bffff,0.2772912
891e2806863ffff,519.8558
891e2806867ffff,820.4445
891e280686bffff,440.76318
891e280686fffff,779.2315
891e2806873ffff,518.94476
891e2806877ffff,581.87085
891e280687bffff,383.79837
891e2806883ffff,19.781057
891e2806887ffff,398.35846
891e280688fffff,10.856525
891e2806893ffff,101.81831
891e2806897ffff,151.90155
891e280689bffff,3.030611
891e28068a3ffff,722.5744
891e28068a7ffff,728.96234
891e28068abffff,447.29895
891e28068afffff,641.0319
891e28068b3ffff,671.4509
891e28068b7ffff,774.9237
891e28068bbffff,549.69165
891e2806903ffff,0.65313476
891e280690bffff,94.38656
891e2806913ffff,0.055958427
891e280691bffff,69.01048
891e2806923ffff,1.5901608
891e2806927ffff,5.6690507
891e280692bffff,36.132355
891e280692fffff,10.545051
891e2806933ffff,0.12427943
891e2806937ffff,1.0390972
891e2806943ffff,871.60156
891e2806947ffff,657.23535
891e280694bffff,876.7905
891e280694fffff,706.3457
891e2806953ffff,862.56464
891e2806957ffff,934.34625
891e280695bffff,989.8912
891e2806963ffff,1.1433485
891e2806967ffff,91.01574
891e280696fffff,35.929962
891e2806973ffff,5.334152
891e2806977ffff,11.426365
891e280697bffff,85.69839
891e28069a3ffff,0.4540085
891e28069a7ffff,1.3198006
891e28069abffff,0.77762216
891e28069afffff,0.7410266
891e28069c3ffff,232.96097
891e28069c7ffff,12.17946
891e28069cbffff,836.55835
891e28069cfffff,429.7237
891e28069d3ffff,672.3669
891e28069d7ffff,15.19615
891e28069dbffff,966.8241
891e2806a4fffff,2.3356504
891e2806aa7ffff,10.887911
891e2806ab7ffff,41.11269
891e2806b17ffff,2.7502089
891e2806b23ffff,56.3469
891e2806b27ffff,0.7996445
891e2806b2bffff,46.472515
891e2806b2fffff,162.51036
891e2806b3bffff,0.37016746
891e2806b83ffff,203.00331
891e2806b87ffff,436.375
891e2806b8bffff,102.71241
891e2806b8fffff,40.53792
891e2806b93ffff,253.70438
891e2806b97ffff,692.3344
891e2806b9bffff,587.709
891e2806ba3ffff,26.07622
891e2806bb3ffff,144.8961
891e2806bb7ffff,107.84365
891e2806bbbffff,274.77295
891e2806bc3ffff,127.12349
891e2806bc7ffff,0.554134
891e2806bd3ffff,281.30298
891e2806bd7ffff,86.78859
891e2806bdbffff,2.4970083
891e2806c03ffff,105.853966
891e2806c07ffff,474.9556
891e2806c0fffff,170.27591
891e2806c13ffff,36.704266
891e2806c17ffff,265.34286
891e2806c23ffff,234.23738
891e2806c27ffff,164.68533
891e2806c2bffff,279.54413
891e2806c2fffff,127.60606
891e2806c33ffff,130.0741
891e2806c37ffff,471.0978
891e2806c3bffff,338.6647
891e2806c67ffff,22.855154
891e2806c77ffff,42.95051
891e2806c83ffff,21.867336
891e2806c87ffff,92.837845
891e2806c8bffff,14.33388
891e2806c8fffff,75.92914
891e2806c93ffff,35.132786
891e2806c97ffff,6.2056847
891e2806c9bffff,51.349316
891e2806ca3ffff,208.35252
891e2806ca7ffff,219.87047
891e2806cabffff,115.678696
891e2806cafffff,298.40543
891e2806cb3ffff,221.2089
891e2806cb7ffff,121.11522
891e2806cbbffff,141.52475
891e2806cd7ffff,0.2195878
891e2806d07ffff,1.3836696
891e2806d13ffff,17.222692
891e2806d1bffff,13.774718
891e2806d33ffff,13.538286
891e2806d37ffff,1.5770833
891e2806d43ffff,167.89973
891e2806d47ffff,22.539358
891e2806d4bffff,414.8092
891e2806d4fffff,686.7777
891e2806d53ffff,10.6661005
891e2806d57ffff,0.15295932
891e2806d5bffff,163.3864
891e2806d6bffff,115.53787
891e2806d6fffff,7.390281
891e2806d7bffff,112.31165
891e2806d83ffff,0.0017458061
891e2806d8bffff,28.786314
891e2806d8fffff,1.1286103
891e2806d93ffff,32.165134
891e2806d97ffff,5.2948074
891e2806d9bffff,3.5337913
891e2806da3ffff,65.183075
891e2806da7ffff,26.303164
891e2806dabffff,26.774984
891e2806dafffff,32.91997
891e2806db3ffff,15.266584
891e2806db7ffff,52.849907
891e2806dbbffff,2.9259102
891e2806dc3ffff,65.90615
891e2806dc7ffff,123.9352
891e2806dcbffff,185.02652
891e2806dcfffff,21.463829
891e2806dd3ffff,100.08534
891e2806dd7ffff,81.44195
891e2806ddbffff,415.0152
891e2833093ffff,0.46069035
891e283329bffff,0.32281187
891e28332d3ffff,3.8433826
891e28332d7ffff,3.8499951
891e2833403ffff,47.70336
891e2833407ffff,22.202463
891e283340bffff,3.107941
891e283340fffff,17.288551
891e2833413ffff,120.25391
891e2833417ffff,147.32027
891e283341bffff,78.928085
891e2833423ffff,1.4918858
891e283342bffff,12.416472
891e2833433ffff,15.218482
891e283343bffff,18.926222
891e283344bffff,4.284381
891e2833453ffff,34.174793
891e2833457ffff,11.6906395
891e283345bffff,2.8024683
891e2833463ffff,1.7979051
891e2833467ffff,10.692626
891e2833473ffff,1.2955635
891e2833477ffff,15.882344
891e2833483ffff,91.329414
891e2833487ffff,20.450539
891e283348bffff,138.32304
891e283348fffff,69.91423
891e2833493ffff,29.155773
891e2833497ffff,83.27703
891e283349bffff,122.21147
891e28334a3ffff,52.352455
891e28334abffff,71.93639
891e28334afffff,2.0449564
891e28334b3ffff,74.01197
891e28334b7ffff,0.7548946
891e28334bbffff,194.73566
891e28334c3ffff,71.54302
891e28334c7ffff,120.90481
891e28334cbffff,46.425224
891e28334cfffff,165.51318
891e28334d3ffff,10.068048
891e28334d7ffff,162.62018
891e28334dbffff,9.788633
891e2833603ffff,5.1030507
891e283360bffff,0.037978142
891e283360fffff,0.26273733
891e2833613ffff,79.83915
891e2833617ffff,12.81223
891e283361bffff,22.481886
891e2833643ffff,12.072414
891e2833647ffff,2.6186388
891e283364bffff,17.780945
891e283364fffff,60.611023
891e283365bffff,0.774013
891e2833663ffff,13.740211
891e2833667ffff,5.526279
891e283366bffff,3.9620726
891e283366fffff,23.78126
891e2833673ffff,5.8463855
891e2833677ffff,9.99377
891e283367bffff,1.810268
891e2833683ffff,54.306545
891e2833687ffff,51.272465
891e283368bffff,132.21548
891e283368fffff,100.62171
891e2833693ffff,85.785
891e2833697ffff,0.92866623
891e283369bffff,184.1413
891e28336a3ffff,1.8284626
891e28336b3ffff,12.94946
891e28336bbffff,20.644003
891e28336c3ffff,0.17513016
891e28336c7ffff,63.625664
891e28336cfffff,0.026487425
891e28336d3ffff,0.00015336073
891e28336d7ffff,26.67915
891e28a9003ffff,0.041276745
891e28a900bffff,4.8734665
891e28a900fffff,5.8331814
891e28a9023ffff,19.56073
891e28a902bffff,18.351183
891e28a902fffff,5.1027813
891e28a9033ffff,4.919478
891e28a9037ffff,0.0022887492
891e28a903bffff,22.168657
891e28a9043ffff,80.75372
891e28a9047ffff,42.351604
891e28a904bffff,110.21708
891e28a904fffff,114.206024
891e28a9053ffff,56.048492
891e28a9057ffff,7.136491
891e28a905bffff,96.62198
891e28a9063ffff,11.528741
891e28a9067ffff,2.6188278
891e28a906bffff,1.7291222
891e28a906fffff,0.35953984
891e28a9073ffff,43.341873
891e28a9077ffff,2.3030453
891e28a907bffff,32.926353
891e28a90cbffff,0.03958333
891e28a90cfffff,0.8821525
891e28a910bffff,6.60278
891e28a911bffff,1.0258397
891e28a9143ffff,59.977455
891e28a9147ffff,13.791073
891e28a914bffff,10.096779
891e28a914fffff,90.38069
891e28a9153ffff,29.302458
891e28a9157ffff,12.876212
891e28a915bffff,6.377563
891e28a916bffff,4.511583
891e28a9173ffff,0.599116
891e28a917bffff,26.400774
891e28a91cfffff,2.076692
891e28a9203ffff,62.29172
891e28a9207ffff,4.2190895
891e28a920bffff,41.690384
891e28a920fffff,35.007046
891e28a9213ffff,125.185455
891e28a9217ffff,101.84151
891e28a921bffff,142.32637
891e28a9223ffff,9.632937
891e28a9227ffff,0.25040695
891e28a922bffff,63.29079
891e28a922fffff,7.683581
891e28a9233ffff,0.8759247
891e28a9237ffff,0.43598467
891e28a923bffff,26.469055
891e28a9243ffff,56.051327
891e28a9247ffff,31.505533
891e28a924bffff,9.172828
891e28a924fffff,12.455638
891e28a9253ffff,21.215454
891e28a9257ffff,115.35825
891e28a925bffff,1.2554084
891e28a9263ffff,75.12421
891e28a9267ffff,71.59676
891e28a926bffff,7.9092402
891e28a926fffff,13.301093
891e28a9273ffff,39.938717
891e28a9277ffff,62.355465
891e28a927bffff,75.36733
891e28a9283ffff,19.731373
891e28a9287ffff,13.505992
891e28a928bffff,62.86837
891e28a928fffff,35.74585
891e28a9293ffff,5.893945
891e28a9297ffff,84.80352
891e28a929bffff,18.342564
891e28a92a3ffff,69.81815
891e28a92a7ffff,6.647496
891e28a92abffff,58.823288
891e28a92afffff,4.5143857
891e28a92b3ffff,80.835915
891e28a92b7ffff,82.453354
891e28a92bbffff,74.721985
891e28a92c3ffff,20.678635
891e28a92c7ffff,56.04494
891e28a92cbffff,8.373012
891e28a92cfffff,136.3766
891e28a92d3ffff,1.6208026
891e28a92d7ffff,65.207436
891e28a9303ffff,34.50819
891e28a9307ffff,82.23851
891e28a930bffff,0.1168904
891e28a930fffff,20.21471
891e28a9313ffff,6.555976
891e28a9317ffff,31.625347
891e28a931bffff,3.5245426
891e28a9323ffff,13.276942
891e28a9327ffff,1.0756402
891e28a932bffff,41.50688
891e28a932fffff,30.470318
891e28a9333ffff,68.45037
891e28a9337ffff,3.7976215
891e28a933bffff,52.196606
891e28a9343ffff,49.641167
891e28a9347ffff,8.970273
891e28a934bffff,132.49538
891e28a934fffff,158.25616
891e28a9353ffff,53.49019
891e28a9357ffff,6.5890946
891e28a935bffff,19.361488
891e28a9363ffff,83.543335
891e28a9367ffff,19.183243
891e28a936bffff,157.0916
891e28a936fffff,14.736563
891e28a9373ffff,7.86333
891e28a9377ffff,59.339695
891e28a937bffff,35.843174
891e28a938fffff,0.58142585
891e28a9393ffff,7.7194796
891e28a93a3ffff,3.3548298
891e28a93a7ffff,6.994655
891e28a93abffff,72.52813
891e28a93afffff,5.41777
891e28a93b3ffff,14.968822
891e28a93b7ffff,67.29375
891e28a93bbffff,28.31261
891e28a93c7ffff,0.1234269
891e28a93cbffff,15.776684
891e28a93cfffff,21.091883
891e28a9623ffff,0.11812791
891e28a9627ffff,13.594276
891e28a962bffff,0.41162896
891e28a962fffff,38.774273
891e28a9663ffff,7.4556503
891e28a9667ffff,5.1186423
891e28a966bffff,1.831093
891e28a966fffff,18.649048
891e28a9677ffff,0.11924546
891e28a9a2fffff,2.8881094
891e28a9a67ffff,5.932077
891e28a9a6bffff,1.3122077
891e28a9a6fffff,14.055508
891e28a9a83ffff,0.044421412
891e28a9a93ffff,12.547038
891e28a9a9bffff,13.145261
891e28a9ac3ffff,1.3162677
891e28a9acbffff,2.8495376
891e28a9ad3ffff,0.8028921
891e28a9ad7ffff,2.2131464
891e28a9adbffff,9.502644
891e28a9b43ffff,12.814904
891e28a9b4bffff,58.539684
891e28a9b4fffff,21.113892
891e28a9b5bffff,8.030804
891e28a9e0bffff,0.038350895
891e28a9e23ffff,0.01675325
891e28a9e2bffff,12.279856
891e28a9e2fffff,1.3511264
891e28a9e47ffff,4.438369
891e28a9e4fffff,0.4104527
891e28a9e63ffff,33.432995
891e28a9e67ffff,32.085003
891e28a9e6bffff,32.32187
891e28a9e6fffff,27.647388
891e28a9e73ffff,16.239683
891e28a9e77ffff,2.058505
891e28a9e7bffff,13.730047
